{"cameraMode":{"drawMode":0,"name":"Shaded","section":"Shading Mode"},"sceneLighting":true,"audioPlay":false,"sceneViewState":{"m_AlwaysRefresh":false,"showFog":true,"showSkybox":true,"showFlares":true,"showImageEffects":true,"showParticleSystems":true,"showVisualEffectGraphs":true,"m_FxEnabled":true},"in2DMode":false,"pivot":{"x":4.471397876739502,"y":1.4158940315246583,"z":-9.301276206970215},"rotation":{"x":0.14599673449993134,"y":0.46974512934684756,"z":-0.07908646017313004,"w":0.8670700788497925},"size":8.361383438110352,"orthographic":true}