{"cameraMode":{"drawMode":0,"name":"Shaded","section":"Shading Mode"},"sceneLighting":true,"audioPlay":false,"sceneViewState":{"m_AlwaysRefresh":false,"showFog":true,"showSkybox":true,"showFlares":true,"showImageEffects":true,"showParticleSystems":true,"showVisualEffectGraphs":true,"m_FxEnabled":true},"in2DMode":false,"pivot":{"x":-7.324652671813965,"y":6.018514633178711,"z":-17.190622329711915},"rotation":{"x":0.17340482771396638,"y":0.3815590739250183,"z":-0.07310422509908676,"w":0.9050030708312988},"size":13.634271621704102,"orthographic":true}