{"cameraMode":{"drawMode":0,"name":"Shaded","section":"Shading Mode"},"sceneLighting":true,"audioPlay":false,"sceneViewState":{"m_AlwaysRefresh":false,"showFog":true,"showSkybox":true,"showFlares":true,"showImageEffects":true,"showParticleSystems":true,"showVisualEffectGraphs":true,"m_FxEnabled":true},"in2DMode":false,"pivot":{"x":8.717948913574219,"y":1.337883472442627,"z":0.15058398246765138},"rotation":{"x":0.1553562581539154,"y":0.3252142369747162,"z":-0.054256170988082889,"w":0.9312126040458679},"size":4.200821399688721,"orthographic":false}